Datos,Tiempo
32315.400390625,Fri May 26 18:37:07 2023
32349.400390625,Fri May 26 18:37:08 2023
34363.3984375,Fri May 26 18:37:09 2023
36371.3984375,Fri May 26 18:37:10 2023
37827.3984375,Fri May 26 18:37:11 2023
37827.3984375,Fri May 26 18:37:12 2023
38191.3984375,Fri May 26 18:37:13 2023
40199.3984375,Fri May 26 18:37:14 2023
42215.3984375,Fri May 26 18:37:15 2023
42217.3984375,Fri May 26 18:37:16 2023
42217.3984375,Fri May 26 18:37:17 2023
