Datos,Tiempo
3.4000000953674316,Fri May 26 17:49:08 2023
3.4000000953674316,Fri May 26 17:49:09 2023
1839.4000244140625,Fri May 26 17:49:10 2023
2557.39990234375,Fri May 26 17:49:11 2023
3285.39990234375,Fri May 26 17:49:12 2023
4743.39990234375,Fri May 26 17:49:13 2023
5711.39990234375,Fri May 26 17:49:14 2023
6431.39990234375,Fri May 26 17:49:15 2023
8009.39990234375,Fri May 26 17:49:16 2023
8473.400390625,Fri May 26 17:49:17 2023
9859.400390625,Fri May 26 17:49:18 2023
