,Datos,Tiempo
0,32315.400390625,Fri May 26 18:37:07 2023
1,32349.400390625,Fri May 26 18:37:08 2023
2,34363.3984375,Fri May 26 18:37:09 2023
3,36371.3984375,Fri May 26 18:37:10 2023
4,37827.3984375,Fri May 26 18:37:11 2023
5,37827.3984375,Fri May 26 18:37:12 2023
6,38191.3984375,Fri May 26 18:37:13 2023
7,40199.3984375,Fri May 26 18:37:14 2023
8,42215.3984375,Fri May 26 18:37:15 2023
9,42217.3984375,Fri May 26 18:37:16 2023
10,42217.3984375,Fri May 26 18:37:17 2023
